<?xml version="1.0" encoding="UTF-8"?>
<results>
  <cppcheck version="2.1" timestamp="2025-06-08T00:00:00">
    <errors>
      <error id="infiniteRecursion" severity="error" msg="Infinite recursion in is_type()" verbose="The function C::is_type calls itself unconditionally leading to stack overflow.">
        <location file="QuestionableCode.cpp" line="10"/>
      </error>
      <error id="arrayIndexOutOfBounds" severity="error" msg="Array index out of bounds" verbose="Accessing buf[count] when buf size is 10 under condition count==1000.">
        <location file="QuestionableCode.cpp" line="28"/>
      </error>
      <error id="invalidPointer" severity="error" msg="Address of stack memory assigned to pointer" verbose="Pointer 'a' in foo(int**) is set to the address of local variable 'b', leading to a dangling pointer.">
        <location file="QuestionableCode.cpp" line="18"/>
      </error>
      <error id="exceptionThrownInNoexcept" severity="error" msg="Exception thrown in noexcept function" verbose="Function MySpecialType::DontThrow is marked noexcept but throws an exception.">
        <location file="QuestionableCode.cpp" line="14"/>
      </error>
      <error id="invalidIterator" severity="warning" msg="Invalid iterator usage" verbose="Erasing an element from vector while iterating can invalidate the iterator.">
        <location file="QuestionableCode.cpp" line="36"/>
      </error>
      <error id="emptyLoop" severity="warning" msg="Empty loop body" verbose="while(tok); is an infinite loop with no progression.">
        <location file="QuestionableCode.cpp" line="45"/>
      </error>
      <error id="assignmentInAssert" severity="warning" msg="Assignment in assert" verbose="Using '=' instead of '==' in assert leads to unintended assignment.">
        <location file="QuestionableCode.cpp" line="53"/>
      </error>
    </errors>
  </cppcheck>
</results>
